{
    "name": "Large Shell",
    "description": "Your natural shell provides natural armor, but prevents you from wearing armor over your torso.",
    "badges": [],
    "type": "origins:multiple",
    "bulky": {
        "type": "origins:restrict_armor",
        "chest": {
            "type": "origins:armor_value",
            "comparison": ">",
            "compare_to": 1
        }
    },
    "shell_armor": {
        "type": "origins:attribute",
        "modifier": {
            "attribute": "minecraft:generic.armor",
            "operation": "addition",
            "value": 8,
            "name": "Shell Armor Health Bonus"
        },
        "update_health": true
    }
}