{
    "name": "Retract",
    "description": "Retract into your shell, decreasing damage taken and negating knockback, but losing the ability to move.",
    "badges": [
        {
            "type": "origins:keybind",
            "text": "Primary Ability",
            "sprite": "origins:textures/gui/badge/toggle.png"
        }
    ],
    "type": "origins:multiple",
    "key0": {
        "condition": {
            "type": "origins:power_active",
            "power": "astralsorigins:turtle/retract_toggle"
        },
        "type": "origins:modify_damage_taken",
        "modifier": {
            "operation": "max_total",
            "value": 2,
            "name": "retract_damage_taken"
        }
    },
    "key1": {
        "condition": {
            "type": "origins:power_active",
            "power": "astralsorigins:turtle/retract_toggle"
        },
        "type": "origins:modify_velocity",
        "modifier": {
            "operation": "set_total",
            "value": 0
        },
        "modifiers": [],
        "axes": [
            "x",
            "z"
        ]
    },
    "key2": {
        "condition": {
            "type": "origins:power_active",
            "power": "astralsorigins:turtle/retract_toggle"
        },
        "type": "origins:modify_jump",
        "modifier": {
            "operation": "set_total",
            "value": 0
        },
        "modifiers": []
    }
}