{
    "name": "Turtlekin",
    "description": "Natural hermits, Turtlekin are stalwart keepers of knowledge. Their tough heavy shells lead them to live their lives away from the dangers of adventure, seeing fit to know everything about the world within their grasp.",
    "powers": [
        "astralsorigins:turtle/large_shell",
        "astralsorigins:turtle/retract",
        "astralsorigins:turtle/retract_toggle",
        "astralsorigins:turtle/no_shield",
        "astralsorigins:turtle/swimmer",
        "astralsorigins:turtle/water_vision",
        "astralsorigins:turtle/slow"
    ],
    "icon": {
        "item": "minecraft:turtle_helmet"
    },
    "impact": 2
}