{
    "name": "Slow and Steady",
    "description": "Your low metabolic rate makes you sluggish. You get exauhsted slower, but your base walk speed is reduced.",
    "type": "origins:multiple",
    "key1": {
        "condition": {
            "type": "origins:constant",
            "value": true
        },
        "type": "origins:modify_attribute",
        "attribute": "generic.movement_speed",
        "modifier": {
            "operation": "multiply_base_additive",
            "value": -0.2
        }
    }
}