{
    "name": "Energy Absorption",
    "description": "Absorb a stars energy to become more powerful....",
    "type": "origins:action_on_item_use",
    "entity_action": {
        "type": "origins:if_else_list",
        "actions": [
            {
                "condition": {
                    "type": "origins:and",
                    "conditions": [
                        {
                            "type": "origins:living"
                        },
                        {
                            "type": "origins:power",
                            "power": "astralsorigins:novakid/supernovahaste"
                        }
                    ]
                },
                "action": {
                    "type": "origins:and",
                    "actions": [
                        {
                            "type": "origins:revoke_power",
                            "power": "astralsorigins:novakid/supernovahaste"
                        },
                        {
                            "type": "origins:grant_power",
                            "power": "astralsorigins:novakid/supernovaspeed",
                            "source": "supernova"
                        }
                    ]
                }
            },
            {
                "condition": {
                    "type": "origins:and",
                    "conditions": [
                        {
                            "type": "origins:living"
                        },
                        {
                            "type": "origins:power",
                            "power": "astralsorigins:novakid/supernovaspeed"
                        }
                    ]
                },
                "action": {
                    "type": "origins:and",
                    "actions": [
                        {
                            "type": "origins:revoke_power",
                            "power": "astralsorigins:novakid/supernovaspeed"
                        },
                        {
                            "type": "origins:grant_power",
                            "power": "astralsorigins:novakid/supernovahaste"
                        }
                    ]
                }
            },
            {
                "condition": {
                    "type": "origins:and"
                },
                "action": {
                    "type": "origins:chance",
                    "chance": 0.5,
                    "action": {
                        "type": "origins:grant_power",
                        "power": "supernova:speed",
                        "source": "supernova"
                    },
                    "fail_action": {
                        "type": "origins:grant_power",
                        "power": "supernova:haste",
                        "source": "supernova"
                    }
                }
            }
        ]
    },
    "item_action": {
        "type": "origins:consume"
    },
    "item_condition": {
        "type": "origins:ingredient",
        "ingredient": {
            "item": "minecraft:nether_star"
        }
    }
}