{
    "name": "Supernova (Speed)",
    "description": "By consuming the energy  of a nether star, you have become a supernova. Gain speed 1 or haste 1.",
    "loading_priority": -1,
    "type": "origins:multiple",
    "key0": {
        "type": "origins:action_over_time",
        "interval": 20,
        "entity_action": {
            "type": "origins:apply_effect",
            "effects": [
                {
                    "effect": "minecraft:haste",
                    "duration": 100,
                    "amplifier": 0,
                    "show_particles": false,
                    "show_icon": true
                }
            ]
        }
    }
}